-- MySQL Script generated by MySQL Workbench
-- Mon Apr 26 13:12:01 2021
-- Model: New Model    Version: 1.0
-- MySQL Workbench Forward Engineering

SET @OLD_UNIQUE_CHECKS=@@UNIQUE_CHECKS, UNIQUE_CHECKS=0;
SET @OLD_FOREIGN_KEY_CHECKS=@@FOREIGN_KEY_CHECKS, FOREIGN_KEY_CHECKS=0;
SET @OLD_SQL_MODE=@@SQL_MODE, SQL_MODE='ONLY_FULL_GROUP_BY,STRICT_TRANS_TABLES,NO_ZERO_IN_DATE,NO_ZERO_DATE,ERROR_FOR_DIVISION_BY_ZERO,NO_ENGINE_SUBSTITUTION';

-- -----------------------------------------------------
-- Schema mydb
-- -----------------------------------------------------

-- -----------------------------------------------------
-- Table `GRAD`
-- -----------------------------------------------------
DROP TABLE IF EXISTS `GRAD` ;

CREATE TABLE IF NOT EXISTS `GRAD` (
  `idGrad` INT UNSIGNED NOT NULL AUTO_INCREMENT,
  `naziv` VARCHAR(45) NOT NULL,
  PRIMARY KEY (`idGrad`),
  UNIQUE INDEX `idgrad_UNIQUE` (`idGrad` ASC) VISIBLE,
  UNIQUE INDEX `naziv_UNIQUE` (`naziv` ASC) VISIBLE)
ENGINE = InnoDB;


-- -----------------------------------------------------
-- Table `KATEGORIJA_PITANJA`
-- -----------------------------------------------------
DROP TABLE IF EXISTS `KATEGORIJA_PITANJA` ;

CREATE TABLE IF NOT EXISTS `KATEGORIJA_PITANJA` (
  `idKategorijaPitanja` INT UNSIGNED NOT NULL AUTO_INCREMENT,
  `kategorija` VARCHAR(45) NOT NULL,
  PRIMARY KEY (`idKategorijaPitanja`),
  UNIQUE INDEX `idkategorijaPitanja_UNIQUE` (`idKategorijaPitanja` ASC) VISIBLE,
  UNIQUE INDEX `kategorija_UNIQUE` (`kategorija` ASC) VISIBLE)
ENGINE = InnoDB;


-- -----------------------------------------------------
-- Table `KORISNIK`
-- -----------------------------------------------------
DROP TABLE IF EXISTS `KORISNIK` ;

CREATE TABLE IF NOT EXISTS `KORISNIK` (
  `idKorisnik` INT UNSIGNED NOT NULL AUTO_INCREMENT,
  `username` VARCHAR(16) NOT NULL,
  `email` VARCHAR(255) NULL,
  `licnoIme` VARCHAR(64) NULL,
  `prikaziLicnoIme` BIT NOT NULL,
  `password` VARCHAR(32) NOT NULL,
  `tipKorisnika_idTipKorisnika` INT UNSIGNED NOT NULL,
  `grad_idGrad` INT UNSIGNED NULL,
  `pol_idPol` INT UNSIGNED NOT NULL,
  `slika` BLOB NULL,
  `create_time` TIMESTAMP NOT NULL DEFAULT CURRENT_TIMESTAMP,
  PRIMARY KEY (`idKorisnik`),
  UNIQUE INDEX `id_UNIQUE` (`idKorisnik` ASC) VISIBLE,
  UNIQUE INDEX `username_UNIQUE` (`username` ASC) VISIBLE,
  INDEX `fk_korisnik_grad1_idx` (`grad_idGrad` ASC) VISIBLE,
  INDEX `fk_korisnik_pol1_idx` (`pol_idPol` ASC) VISIBLE,
  INDEX `fk_korisnik_tipKorisnika1_idx` (`tipKorisnika_idTipKorisnika` ASC) VISIBLE,
  CONSTRAINT `fk_korisnik_grad1`
    FOREIGN KEY (`grad_idGrad`)
    REFERENCES `GRAD` (`idGrad`)
    ON DELETE NO ACTION
    ON UPDATE NO ACTION,
  CONSTRAINT `fk_korisnik_pol1`
    FOREIGN KEY (`pol_idPol`)
    REFERENCES `POL` (`idPol`)
    ON DELETE NO ACTION
    ON UPDATE NO ACTION,
  CONSTRAINT `fk_korisnik_tipKorisnika1`
    FOREIGN KEY (`tipKorisnika_idTipKorisnika`)
    REFERENCES `TIP_KORISNIKA` (`idTipKorisnika`)
    ON DELETE NO ACTION
    ON UPDATE NO ACTION);


-- -----------------------------------------------------
-- Table `KORISNIK_OCENIO_ODGOVOR`
-- -----------------------------------------------------
DROP TABLE IF EXISTS `KORISNIK_OCENIO_ODGOVOR` ;

CREATE TABLE IF NOT EXISTS `KORISNIK_OCENIO_ODGOVOR` (
  `korisnik_idKorisnik` INT UNSIGNED NOT NULL,
  `odgovor_idOdgovor` INT UNSIGNED NOT NULL,
  `ocena` BIT NOT NULL,
  PRIMARY KEY (`korisnik_idKorisnik`, `odgovor_idOdgovor`),
  INDEX `fk_korisnik_ocenio_odgovor_odgovor1_idx` (`odgovor_idOdgovor` ASC) VISIBLE,
  INDEX `fk_korisnik_ocenio_odgovor_korisnik1_idx` (`korisnik_idKorisnik` ASC) VISIBLE,
  CONSTRAINT `fk_korisnik_ocenio_odgovor_korisnik1`
    FOREIGN KEY (`korisnik_idKorisnik`)
    REFERENCES `KORISNIK` (`idKorisnik`)
    ON DELETE NO ACTION
    ON UPDATE NO ACTION,
  CONSTRAINT `fk_korisnik_ocenio_odgovor_odgovor1`
    FOREIGN KEY (`odgovor_idOdgovor`)
    REFERENCES `ODGOVOR` (`idOdgovor`)
    ON DELETE NO ACTION
    ON UPDATE NO ACTION);


-- -----------------------------------------------------
-- Table `KORISNIK_OCENIO_PITANJE`
-- -----------------------------------------------------
DROP TABLE IF EXISTS `KORISNIK_OCENIO_PITANJE` ;

CREATE TABLE IF NOT EXISTS `KORISNIK_OCENIO_PITANJE` (
  `korisnik_idKorisnik` INT UNSIGNED NOT NULL,
  `pitanje_idPitanje` INT UNSIGNED NOT NULL,
  `ocena` BIT NOT NULL COMMENT '1 na gore, 0 na dole',
  PRIMARY KEY (`korisnik_idKorisnik`, `pitanje_idPitanje`),
  INDEX `fk_korisnik_has_pitanje_pitanje1_idx` USING BTREE (`pitanje_idPitanje`) COMMENT 'Bitan indeks, jer nam on treba za dobijanje svih ocena nekog pitanja.' VISIBLE,
  INDEX `fk_korisnik_has_pitanje_korisnik1_idx` (`korisnik_idKorisnik` ASC) VISIBLE,
  CONSTRAINT `fk_korisnik_has_pitanje_korisnik1`
    FOREIGN KEY (`korisnik_idKorisnik`)
    REFERENCES `KORISNIK` (`idKorisnik`)
    ON DELETE NO ACTION
    ON UPDATE NO ACTION,
  CONSTRAINT `fk_korisnik_has_pitanje_pitanje1`
    FOREIGN KEY (`pitanje_idPitanje`)
    REFERENCES `PITANJE` (`idPitanje`)
    ON DELETE NO ACTION
    ON UPDATE NO ACTION);


-- -----------------------------------------------------
-- Table `KORISNIK_OCENIO_PSIHOLOGA`
-- -----------------------------------------------------
DROP TABLE IF EXISTS `KORISNIK_OCENIO_PSIHOLOGA` ;

CREATE TABLE IF NOT EXISTS `KORISNIK_OCENIO_PSIHOLOGA` (
  `korisnik_idKorisnik_ocenio` INT UNSIGNED NOT NULL,
  `korisnik_idKorisnik_ocenjen` INT UNSIGNED NOT NULL COMMENT 'Ovde se moze naci samo id korisnika koji je psiholog. Pre izvrsenja ocenjivanja, vrsi se ova provera.',
  `ocena` BIT NOT NULL,
  PRIMARY KEY (`korisnik_idKorisnik_ocenio`, `korisnik_idKorisnik_ocenjen`),
  INDEX `fk_korisnik_has_korisnik_korisnik2_idx` (`korisnik_idKorisnik_ocenjen` ASC) VISIBLE,
  INDEX `fk_korisnik_has_korisnik_korisnik1_idx` (`korisnik_idKorisnik_ocenio` ASC) VISIBLE,
  CONSTRAINT `fk_korisnik_has_korisnik_korisnik1`
    FOREIGN KEY (`korisnik_idKorisnik_ocenio`)
    REFERENCES `KORISNIK` (`idKorisnik`)
    ON DELETE NO ACTION
    ON UPDATE NO ACTION,
  CONSTRAINT `fk_korisnik_has_korisnik_korisnik2`
    FOREIGN KEY (`korisnik_idKorisnik_ocenjen`)
    REFERENCES `KORISNIK` (`idKorisnik`)
    ON DELETE NO ACTION
    ON UPDATE NO ACTION);


-- -----------------------------------------------------
-- Table `KORISNIK_PRIJAVLJEN_NA_SEANSU`
-- -----------------------------------------------------
DROP TABLE IF EXISTS `KORISNIK_PRIJAVLJEN_NA_SEANSU` ;

CREATE TABLE IF NOT EXISTS `KORISNIK_PRIJAVLJEN_NA_SEANSU` (
  `korisnik_idKorisnik` INT UNSIGNED NOT NULL,
  `seansa_idSeansa` INT UNSIGNED NOT NULL,
  PRIMARY KEY (`korisnik_idKorisnik`, `seansa_idSeansa`),
  INDEX `fk_korisnik_prijavljen_na_seansu_seansa1_idx` (`seansa_idSeansa` ASC) VISIBLE,
  INDEX `fk_korisnik_prijavljen_na_seansu_korisnik1_idx` (`korisnik_idKorisnik` ASC) VISIBLE,
  CONSTRAINT `fk_korisnik_prijavljen_na_seansu_korisnik1`
    FOREIGN KEY (`korisnik_idKorisnik`)
    REFERENCES `KORISNIK` (`idKorisnik`)
    ON DELETE NO ACTION
    ON UPDATE NO ACTION,
  CONSTRAINT `fk_korisnik_prijavljen_na_seansu_seansa1`
    FOREIGN KEY (`seansa_idSeansa`)
    REFERENCES `SEANSA` (`idSeansa`)
    ON DELETE NO ACTION
    ON UPDATE NO ACTION);


-- -----------------------------------------------------
-- Table `ODGOVOR`
-- -----------------------------------------------------
DROP TABLE IF EXISTS `ODGOVOR` ;

CREATE TABLE IF NOT EXISTS `ODGOVOR` (
  `idOdgovor` INT UNSIGNED NOT NULL AUTO_INCREMENT,
  `pitanje_idPitanje` INT UNSIGNED NOT NULL,
  `korisnik_idKorisnik_odgovorio` INT UNSIGNED NOT NULL,
  `tekstOdgovora` TEXT NOT NULL,
  `odgovorenoAnonimno` BIT NOT NULL,
  PRIMARY KEY (`idOdgovor`),
  UNIQUE INDEX `idodgovor_UNIQUE` (`idOdgovor` ASC) VISIBLE,
  INDEX `fk_odgovor_pitanje1_idx` (`pitanje_idPitanje` ASC) VISIBLE,
  INDEX `fk_odgovor_korisnik1_idx` (`korisnik_idKorisnik_odgovorio` ASC) VISIBLE,
  CONSTRAINT `fk_odgovor_pitanje1`
    FOREIGN KEY (`pitanje_idPitanje`)
    REFERENCES `PITANJE` (`idPitanje`)
    ON DELETE NO ACTION
    ON UPDATE NO ACTION,
  CONSTRAINT `fk_odgovor_korisnik1`
    FOREIGN KEY (`korisnik_idKorisnik_odgovorio`)
    REFERENCES `KORISNIK` (`idKorisnik`)
    ON DELETE NO ACTION
    ON UPDATE NO ACTION)
ENGINE = InnoDB;


-- -----------------------------------------------------
-- Table `PITANJE`
-- -----------------------------------------------------
DROP TABLE IF EXISTS `PITANJE` ;

CREATE TABLE IF NOT EXISTS `PITANJE` (
  `idPitanje` INT UNSIGNED NOT NULL AUTO_INCREMENT,
  `korisnik_idKorisnik_postavio` INT UNSIGNED NOT NULL,
  `kategorijaPitanja_idKategorija` INT UNSIGNED NULL,
  `naslovPitanja` VARCHAR(128) NOT NULL,
  `tekstPitanja` TEXT NOT NULL,
  `postavljenoAnonimno` BIT NOT NULL COMMENT '\n',
  `moguSviDaOdgovore` BIT NOT NULL,
  PRIMARY KEY (`idPitanje`),
  INDEX `fk_pitanje_korisnik_idx` (`korisnik_idKorisnik_postavio` ASC) VISIBLE,
  INDEX `fk_pitanje_kategorijaPitanja1_idx` (`kategorijaPitanja_idKategorija` ASC) VISIBLE,
  CONSTRAINT `fk_pitanje_korisnik`
    FOREIGN KEY (`korisnik_idKorisnik_postavio`)
    REFERENCES `KORISNIK` (`idKorisnik`)
    ON DELETE NO ACTION
    ON UPDATE NO ACTION,
  CONSTRAINT `fk_pitanje_kategorijaPitanja1`
    FOREIGN KEY (`kategorijaPitanja_idKategorija`)
    REFERENCES `KATEGORIJA_PITANJA` (`idKategorijaPitanja`)
    ON DELETE NO ACTION
    ON UPDATE NO ACTION)
ENGINE = InnoDB;


-- -----------------------------------------------------
-- Table `POL`
-- -----------------------------------------------------
DROP TABLE IF EXISTS `POL` ;

CREATE TABLE IF NOT EXISTS `POL` (
  `idPol` INT UNSIGNED NOT NULL AUTO_INCREMENT,
  `pol` VARCHAR(24) NOT NULL,
  PRIMARY KEY (`idPol`),
  UNIQUE INDEX `idpol_UNIQUE` (`idPol` ASC) VISIBLE,
  UNIQUE INDEX `pol_UNIQUE` (`pol` ASC) VISIBLE)
ENGINE = InnoDB;


-- -----------------------------------------------------
-- Table `PREPORUCENA_LITERATURA`
-- -----------------------------------------------------
DROP TABLE IF EXISTS `PREPORUCENA_LITERATURA` ;

CREATE TABLE IF NOT EXISTS `PREPORUCENA_LITERATURA` (
  `idPreporucenaLiteratura` INT UNSIGNED NOT NULL AUTO_INCREMENT,
  `nazivLiterature` VARCHAR(80) NOT NULL,
  `slikaLiterature` TINYBLOB NOT NULL,
  `opisLiterature` TINYTEXT CHARACTER SET 'ascii' NOT NULL,
  PRIMARY KEY (`idPreporucenaLiteratura`))
ENGINE = InnoDB;


-- -----------------------------------------------------
-- Table `SEANSA`
-- -----------------------------------------------------
DROP TABLE IF EXISTS `SEANSA` ;

CREATE TABLE IF NOT EXISTS `SEANSA` (
  `idSeansa` INT UNSIGNED NOT NULL AUTO_INCREMENT,
  `korisnik_idKorisnik_organizator` INT UNSIGNED NOT NULL,
  `nazivSeanse` VARCHAR(80) NOT NULL,
  `opisSeanse` TEXT NOT NULL,
  `maxBrojPrijavljenih` TINYINT NOT NULL,
  `datumPocetka` DATE NOT NULL,
  `vremePocetka` TIME NOT NULL,
  `zoomLink` VARCHAR(255) NULL,
  PRIMARY KEY (`idSeansa`),
  UNIQUE INDEX `idseansa_UNIQUE` (`idSeansa` ASC) VISIBLE,
  INDEX `fk_seansa_korisnik1_idx` (`korisnik_idKorisnik_organizator` ASC) INVISIBLE,
  INDEX `date` (`datumPocetka` ASC, `vremePocetka` ASC) VISIBLE,
  CONSTRAINT `fk_seansa_korisnik1`
    FOREIGN KEY (`korisnik_idKorisnik_organizator`)
    REFERENCES `KORISNIK` (`idKorisnik`)
    ON DELETE NO ACTION
    ON UPDATE NO ACTION)
ENGINE = InnoDB;


-- -----------------------------------------------------
-- Table `TIP_KORISNIKA`
-- -----------------------------------------------------
DROP TABLE IF EXISTS `TIP_KORISNIKA` ;

CREATE TABLE IF NOT EXISTS `TIP_KORISNIKA` (
  `idTipKorisnika` INT UNSIGNED NOT NULL AUTO_INCREMENT,
  `tip` VARCHAR(16) NOT NULL,
  PRIMARY KEY (`idTipKorisnika`),
  UNIQUE INDEX `tip_UNIQUE` (`tip` ASC) VISIBLE,
  UNIQUE INDEX `idtipKorisnika_UNIQUE` (`idTipKorisnika` ASC) VISIBLE)
ENGINE = InnoDB;

INSERT INTO TIP_KORISNIKA (idTipKorisnika,tip) VALUES
(1,'Korisnik'),
(2,'Psiholog'),
(3,'Administrator');

INSERT INTO POL (idPol,pol) VALUES
(1,'Muski'),
(2,'Zenski');

INSERT INTO GRAD VALUES
(1,'Novi Sad'),
(2,'Beograd'),
(3,'Jagodina'),
(4,'Nis'),
(5,'Kragujevac'),
(6,'Cacak');

INSERT INTO KATEGORIJA_PITANJA VALUES
(1,'Anksioznost'),
(2,'Depresija'),
(3,'Napad panike'),
(4,'Kontrola stresa'),
(5,'Kontrola besa'),
(6,'Porodicni problemi'),
(7,'Manjak samopouzdanja'),
(8,'OKP'),
(9,'Depersonalizacija');

INSERT INTO PITANJE (idPitanje, korisnik_idKorisnik_postavio,kategorijaPitanja_idKategorija,naslovPitanja,tekstPitanja,postavljenoAnonimno,moguSviDaOdgovore) VALUES
(1, 1, 3, 'Problemi sa paničnim napadima', 'Jako dugo imam probleme sa paničnim napadima. Osećam stezanje u grlu sto je postalo baš problem sada, uzimao sam lekove kao terapiju sto mi je psihijatar prepisao i sam sam prestao da ih uzimam. Smatrao sam da mi više ne trebaju. Prošle nedelje sam imao učestale napade. Imam fizicke probleme kao stezanje u grlu i bol srca. Kako da pomognem sam sebi? Da li je bolje posavetovati se sa stručnim licem ili da sam nastavim sa prethodnom terapijom?',0,1),
(2, 2, 1, 'Anksioznost', 'Anksioznost je problem koji me muči već godinama. Pokušavala sam na razne načine da ga rešim, išla sam kod psihologa i psihijatra, ali nije bilo većih poboljšanja. Možda zato što nisam bila spremna da otvoreno govorim sa njima. Strah me je da podelim priču sa bliskim osobama, jer ne znam da li će me razumeti. Niko ne razume koliko truda ulažem u svakodnevne razgovore, ma koliko oni bili kratki. Plašim se raznih stvari i imam običaj da ruke perem više puta detaljno, da mi cela kuća bude sređena. Da li je ovo stvarno anksioznost ili može biti nešto drugo? Kome da se obratim?',1,1),
(3, 3, 7, 'Ne verujem u sebe', 'U poslednje vreme ne verujem sopstvenom mišljenju, preterano razmisljam o svemu i strah me je da prihvatim izazove. Konstantno sam zabrinut da neću postići sve što sam želeo. Zbog toga sam često previše strog prema sebi, a popustljiv prema drugima. Voleo bih to da promenim, pa Vas molim za savet.',1,0),
(4, 4, 8, 'Da li imam OKP?', 'Sve je počelo u januaru ove godine, anksioznost, depresija itd. Imao sam maltene strah o budućnosti, šta će se desiti, kasnije je počela škola imao sam jako slabu koncetraciju, nisam mogao da pratim profesora šta govori, a odličan sam đak te mi je to išlo na muku. Otišao sam kod pishologa, objasnio joj sve ona me poslala kod psihijatra, ali ništa nije pomoglo. Da li imam OKP?',0,0),
(5, 5, 9, 'Mislim da bolujem od depersonalizacije', 'Zdravo! Jako bi mi značio savet povodom simptoma koje trenutno imam: osećam kao da sam izvan svog tela, ponekad kao da gledam sebe odozgo, osećam da sam odvojen od sebe, kao da, zapravo, nemam sebe,blokada u umu ili telu, kao da su mi čula isključena, kao da ne mogu da kontrolišem šta radim ili šta izgovaram. Da li je moguće da imam depersonalizaciju i kako da je rešim? Hvala na odgovoru!',0,1);

INSERT INTO ODGOVOR (idOdgovor,pitanje_idPitanje,korisnik_idKorisnik_odgovorio,tekstOdgovora,odgovorenoAnonimno) VALUES
(1,1,2,'Zdravo! I sam sam se borio sa istim problemom, ali sam ga uspešno rešio uz pomoć psihologa. Preporučujem ti da ne uzimaš sam na svoju ruku nijednu vrstu leka, jer posledice mogu biti opasne. Proslo je 2 godine od kada sam imao fizičke probleme odsnosno stezanje u grlo i znam kako ti je. Srećno!',1),
(2,1,6,'Poštovani, U svojoj dugogodnišnjoj praksi sam se mnogo puta susretao sa pacijentima koji su imali isti ili sličan problem kao što je Vaš. Nikako nemojte da uzimate lekove na svoju ruku, jer to može dovesti do naglih promena raspoloženja i samog statusa organizma, pa kad izazvati da se osećate gore nego trenutno. Važno je praviti male korake ka uspehu. Najbolje bi bilo da kroz sve situacije koje predstavljaju okidač na početku prolazite uz pomoć bliske osobe uz koju se osecaće sigurno i zaštićeno. Za više informacija stojim Vam na raspolaganju.',0),
(3,2,1,'To nije problem koji se rešava preko noći, samo strpljivo. Ja bih ti preporučio da potražiš stručnu pomoć',1),
(4,3,6,'Poštovani, Nemojte previše da budete zabrinuti. Način na koji razmišljate i kako se osećate nije ništa neobičan. Svi mi smo imali takve faze u životu, ali je bitno uočiti problem na vreme i raditi na njemu. Pozdrav!',0),
(5,3,7,'Drago mi je da ste postavili ovo pitanje, zato što je to jedan od najčešćih problema današnjice. Voleo bih da Vam pomognem, ali je to nemoguće putem kratkog odgovora. Preporučio bih Vam da se prijavite na neku od seansi koje se bave baš temom koja i Vas muči. Za Više informacija, slobodno me kontaktirajte.',0);

INSERT INTO `korisnik` (`idKorisnik`, `username`, `email`, `licnoIme`, `prikaziLicnoIme`, `password`, `tipKorisnika_idTipKorisnika`, `grad_idGrad`, `pol_idPol`, `slika`, `create_time`) VALUES ('1', 'MareI', 'marko.ivanovic@gmail.com', NULL, b'1', 'jasamcar99', '1', '1', '1', NULL, CURRENT_TIMESTAMP);
INSERT INTO `korisnik` (`idKorisnik`, `username`, `email`, `licnoIme`, `prikaziLicnoIme`, `password`, `tipKorisnika_idTipKorisnika`, `grad_idGrad`, `pol_idPol`, `slika`, `create_time`) VALUES ('2', 'IvanaM', 'ivana.s.markovic@gmail.com', 'Ivana', b'1', 'IvanicaCarica22', '1', NULL, '2', NULL, CURRENT_TIMESTAMP);
INSERT INTO `korisnik` (`idKorisnik`, `username`, `email`, `licnoIme`, `prikaziLicnoIme`, `password`, `tipKorisnika_idTipKorisnika`, `grad_idGrad`, `pol_idPol`, `slika`, `create_time`) VALUES ('3', 'Peki21', NULL, NULL, b'0', '1pekiPeki', '1', NULL, '1', NULL, CURRENT_TIMESTAMP);
INSERT INTO `korisnik` (`idKorisnik`, `username`, `email`, `licnoIme`, `prikaziLicnoIme`, `password`, `tipKorisnika_idTipKorisnika`, `grad_idGrad`, `pol_idPol`, `slika`, `create_time`) VALUES ('4', 'xNNN', NULL, NULL, b'0', 'xx999oo', '1', '5', '1', NULL, '2021-05-18 13:43:49');
INSERT INTO `korisnik` (`idKorisnik`, `username`, `email`, `licnoIme`, `prikaziLicnoIme`, `password`, `tipKorisnika_idTipKorisnika`, `grad_idGrad`, `pol_idPol`, `slika`, `create_time`) VALUES ('5', 'Neda33', 'neki@yahoo.com', 'Neda', b'1', 'NedaNedica33', '1', NULL, '2', NULL, CURRENT_TIMESTAMP);
INSERT INTO `korisnik` (`idKorisnik`, `username`, `email`, `licnoIme`, `prikaziLicnoIme`, `password`, `tipKorisnika_idTipKorisnika`, `grad_idGrad`, `pol_idPol`, `slika`, `create_time`) VALUES ('7', 'Dr Tijana', 'tijana.ivanovic@gmail.com', 'Tijana Ivanović', b'1', 'TijanaSifra99', '2', '1', '2', NULL, CURRENT_TIMESTAMP);
INSERT INTO `korisnik` (`idKorisnik`, `username`, `email`, `licnoIme`, `prikaziLicnoIme`, `password`, `tipKorisnika_idTipKorisnika`, `grad_idGrad`, `pol_idPol`, `slika`, `create_time`) VALUES ('8', 'AdminUser', 'admin.user@gmail.com', NULL, b'0', 'AdminPassword99', '3', NULL, '1', NULL, CURRENT_TIMESTAMP);
INSERT INTO `korisnik` (`idKorisnik`, `username`, `email`, `licnoIme`, `prikaziLicnoIme`, `password`, `tipKorisnika_idTipKorisnika`, `grad_idGrad`, `pol_idPol`, `slika`, `create_time`) VALUES ('6', 'Dr PetrovicN', 'nikola.petrovic@gmail.com', 'Nikola Petrovic', b'1', 'PsihologNikola99', '2', '6', '1', NULL, CURRENT_TIMESTAMP);
INSERT INTO `korisnik_ocenio_odgovor` (`korisnik_idKorisnik`, `odgovor_idOdgovor`, `ocena`) VALUES ('1', '1', b'1');
INSERT INTO `korisnik_ocenio_odgovor` (`korisnik_idKorisnik`, `odgovor_idOdgovor`, `ocena`) VALUES ('3', '1', b'1');
INSERT INTO `korisnik_ocenio_odgovor` (`korisnik_idKorisnik`, `odgovor_idOdgovor`, `ocena`) VALUES ('4', '1', b'0');
INSERT INTO `korisnik_ocenio_odgovor` (`korisnik_idKorisnik`, `odgovor_idOdgovor`, `ocena`) VALUES ('2', '2', b'1'), ('4', '2', b'1');
INSERT INTO `korisnik_ocenio_odgovor` (`korisnik_idKorisnik`, `odgovor_idOdgovor`, `ocena`) VALUES ('5', '3', b'1'), ('6', '3', b'0');
INSERT INTO `korisnik_ocenio_odgovor` (`korisnik_idKorisnik`, `odgovor_idOdgovor`, `ocena`) VALUES ('2', '4', b'1');
INSERT INTO `korisnik_ocenio_odgovor` (`korisnik_idKorisnik`, `odgovor_idOdgovor`, `ocena`) VALUES ('1', '5', b'0');

INSERT INTO `korisnik_ocenio_pitanje` (`korisnik_idKorisnik`, `pitanje_idPitanje`, `ocena`) VALUES ('3', '1', b'1'),('6', '1', b'1'),('4', '1', b'0'),('7', '1', b'1');
INSERT INTO `korisnik_ocenio_pitanje` (`korisnik_idKorisnik`, `pitanje_idPitanje`, `ocena`) VALUES ('3', '2', b'1'),('6', '2', b'1'),('4', '2', b'0'),('7', '2', b'0');
INSERT INTO `korisnik_ocenio_pitanje` (`korisnik_idKorisnik`, `pitanje_idPitanje`, `ocena`) VALUES ('1', '3', b'0'),('6', '3', b'0'),('4', '3', b'0'),('7', '3', b'1');
INSERT INTO `korisnik_ocenio_pitanje` (`korisnik_idKorisnik`, `pitanje_idPitanje`, `ocena`) VALUES ('3', '4', b'1'),('6', '4', b'0'),('1', '4', b'0');
INSERT INTO `korisnik_ocenio_pitanje` (`korisnik_idKorisnik`, `pitanje_idPitanje`, `ocena`) VALUES ('3', '5', b'1'),('6', '5', b'1');

INSERT INTO `korisnik_ocenio_psihologa` (`korisnik_idKorisnik_ocenio`, `korisnik_idKorisnik_ocenjen`, `ocena`) VALUES ('1', '6', b'1'),('2', '6', b'1'),('3', '6', b'0'),('1', '7', b'1'),('4', '7', b'1'),('6', '7', b'1'),('3', '6', b'1'),('2', '6', b'0');
SET SQL_MODE=@OLD_SQL_MODE;


SET FOREIGN_KEY_CHECKS=@OLD_FOREIGN_KEY_CHECKS;
SET UNIQUE_CHECKS=@OLD_UNIQUE_CHECKS;
